-- phpMyAdmin SQL Dump
-- version 4.1.12
-- http://www.phpmyadmin.net
--
-- Host: 127.0.0.1
-- Generation Time: Apr 21, 2015 at 10:35 AM
-- Server version: 5.6.16
-- PHP Version: 5.5.11

SET SQL_MODE = "NO_AUTO_VALUE_ON_ZERO";
SET time_zone = "+00:00";


/*!40101 SET @OLD_CHARACTER_SET_CLIENT=@@CHARACTER_SET_CLIENT */;
/*!40101 SET @OLD_CHARACTER_SET_RESULTS=@@CHARACTER_SET_RESULTS */;
/*!40101 SET @OLD_COLLATION_CONNECTION=@@COLLATION_CONNECTION */;
/*!40101 SET NAMES utf8 */;

--
-- Database: `project`
--

-- --------------------------------------------------------

--
-- Table structure for table `book`
--

CREATE TABLE IF NOT EXISTS `book` (
  `isbn` varchar(20) NOT NULL,
  `name` varchar(100) NOT NULL,
  `author` varchar(35) NOT NULL,
  `publisher` varchar(35) NOT NULL,
  `price` int(5) NOT NULL,
  PRIMARY KEY (`isbn`)
) ENGINE=InnoDB DEFAULT CHARSET=latin1;

--
-- Dumping data for table `book`
--

INSERT INTO `book` (`isbn`, `name`, `author`, `publisher`, `price`) VALUES
('-19789384030391', 'MANDATE : WILL OF THE PEOPLE', 'VIR SANGHVI', 'WESTLAND', 300),
('122344324', 'DIGITAL FORTRESS', 'DAN BROWN', 'ARROW BOOKS ', 350),
('1458695', 'THE ACCIDENTAL PRIME MINISTER', 'SANJAYA BARU', 'OXFORD PUBLISHERS', 600),
('147582326', 'CARDS ON THE TABLE', 'AGATHA CHRISTIE', 'HARPER COLLINS', 300),
('2365478987485', '2 STATES', 'CHETAN BHAGAT', 'RYNA CO.', 200),
('3658457212', 'BAL THACKERAY & THE RISE OF SHIV SENA', 'VAIBHAV PURANDARE', 'ROLL BOOKS', 350),
('4586975412658', 'CRIME AND PUNISHMENT', 'FYDOR DOSTOYEVESKY', 'OXFORD PUBLISHERS', 300),
('5847693145753', 'ANGELS AND DEMONS ', 'DAN BROWN', 'PENGUIN AND CO.', 250),
('9745214698732', 'DA VINCI CODE', 'DAN BROWN', 'PENGUIN AND CO.', 250),
('9780615459813', 'DATA STRUCTURES AND ALGORITHMS MADE EASY', 'NARASIMHA KARUMANCHI', 'CAREERMONK PUBLICATIONS', 150),
('9781259002465', 'JAVA THE COMPLETE REFERENCE', 'HERB SCHILDT', 'MCGRAW HILL EDUCATION', 400),
('9781259029936', 'OBJECT ORIENTED PROGRAMMING WITH C++ ', 'E. BALAGURUSAMY', 'MCGRAW HILL EDUCATION', 400),
('9788120340077', 'INTRODUCTION TO ALGORITHMS', 'AL. CORMEN', 'PHI LEARNING PVT. LTD', 450),
('9788123019789', 'INDIA 2015', 'PUBLICATIONS DIVISION', 'PUBLICATIONS DIVISION', 150),
('9788129135681', 'CRACKING THE CODE: MY JOURNEY ', 'AYUSHMANN KHURRANA', 'RUPA PUBLICATIONS INDIA', 500),
('9788172234980', 'THE ALCHEMIST', 'PAULO COELHO', 'HARPER COLLINS PUBLISHERS', 175),
('9788179921623', 'THE MONK WHO SOLD HIS FERRARI', 'ROBIN SHARMA', 'JAICO', 175),
('9788183225755', 'SACHIN TENDULKAR - Playing It My Way ', 'SACHIN TENDULKAR', 'MANJUL', 600),
('9789384030872', 'ARISE, AWAKE : THE INSPIRING STORIES OF 10 YOUNG ENTREPRENEURS WHO GRADUATED FROM COLLEGE INTO A BUS', 'RASHMI BANSAL', 'WESTLAND', 275),
('9874563216547', 'THE RELUCTANT FUNDAMENTALIST', 'MOHSIN HAMID', 'ARROW BOOKS ', 125);

-- --------------------------------------------------------

--
-- Table structure for table `rating`
--

CREATE TABLE IF NOT EXISTS `rating` (
  `uid` int(11) NOT NULL,
  `bid` varchar(20) NOT NULL,
  `rating` varchar(11) NOT NULL,
  `time` timestamp NOT NULL DEFAULT CURRENT_TIMESTAMP,
  PRIMARY KEY (`time`)
) ENGINE=InnoDB DEFAULT CHARSET=latin1;

--
-- Dumping data for table `rating`
--

INSERT INTO `rating` (`uid`, `bid`, `rating`, `time`) VALUES
(21, '122344324', '5', '2015-04-20 13:46:16'),
(21, '147582326', '2', '2015-04-20 13:46:19'),
(21, '9789384030872', '2', '2015-04-20 13:46:23'),
(21, '9788183225755', '4', '2015-04-20 13:46:50'),
(21, '-19789384030391', '5', '2015-04-20 13:47:02'),
(21, '3658457212', '3', '2015-04-20 13:47:07'),
(21, '9874563216547', '5', '2015-04-20 13:47:15'),
(24, '122344324', '5', '2015-04-20 13:50:53'),
(24, '147582326', '2', '2015-04-20 13:51:35'),
(24, '-19789384030391', '2', '2015-04-20 13:52:19'),
(16, '9789384030872', '2', '2015-04-20 13:53:03'),
(16, '122344324', '3', '2015-04-20 13:53:06'),
(16, '9788183225755', '3', '2015-04-20 13:53:15'),
(16, '9788123019789', '3', '2015-04-20 13:53:26'),
(25, '-19789384030391', '4', '2015-04-20 13:53:55'),
(25, '1458695', '3', '2015-04-20 13:53:58'),
(25, '9789384030872', '3', '2015-04-20 13:54:12'),
(25, '9788183225755', '3', '2015-04-20 13:54:25'),
(37, '122344324', '2', '2015-04-20 13:55:01'),
(37, '9788179921623', '3', '2015-04-20 13:55:06'),
(37, '9788172234980', '4', '2015-04-20 13:55:12'),
(37, '9789384030872', '4', '2015-04-20 13:56:07'),
(37, '9788120340077', '2', '2015-04-20 13:56:10'),
(37, '147582326', '2', '2015-04-20 13:56:14'),
(37, '-19789384030391', '2', '2015-04-20 13:56:22'),
(38, '-19789384030391', '3', '2015-04-20 13:56:46'),
(38, '9874563216547', '3', '2015-04-20 13:56:49'),
(38, '9788172234980', '3', '2015-04-20 13:56:56'),
(38, '147582326', '4', '2015-04-20 13:57:04'),
(40, '9874563216547', '3', '2015-04-20 13:58:14'),
(40, '9788172234980', '2', '2015-04-20 13:58:18'),
(40, '9788179921623', '3', '2015-04-20 13:58:21'),
(40, '9788120340077', '2', '2015-04-20 13:58:26'),
(28, '9874563216547', '5', '2015-04-20 13:58:50'),
(28, '-19789384030391', '3', '2015-04-20 13:58:53'),
(18, '9874563216547', '3', '2015-04-20 13:59:19'),
(18, '122344324', '3', '2015-04-20 13:59:22'),
(18, '9789384030872', '3', '2015-04-20 13:59:24'),
(18, '147582326', '3', '2015-04-20 13:59:35'),
(18, '-19789384030391', '4', '2015-04-20 13:59:39'),
(18, '9788172234980', '5', '2015-04-20 13:59:43'),
(20, '9789384030872', '3', '2015-04-20 14:00:03'),
(20, '9788172234980', '2', '2015-04-20 14:00:07'),
(20, '9788123019789', '4', '2015-04-20 14:00:10'),
(20, '9788179921623', '2', '2015-04-20 14:00:14'),
(20, '9788129135681', '2', '2015-04-20 14:00:51'),
(26, '122344324', '3', '2015-04-20 14:03:01'),
(26, '9874563216547', '4', '2015-04-20 14:04:27'),
(26, '9789384030872', '3', '2015-04-20 14:04:31'),
(26, '9788120340077', '2', '2015-04-20 14:04:43'),
(26, '1458695', '2', '2015-04-20 14:05:08'),
(26, '9788179921623', '3', '2015-04-20 14:05:42'),
(26, '9788183225755', '3', '2015-04-20 14:05:48'),
(31, '9874563216547', '3', '2015-04-20 14:07:10'),
(31, '9789384030872', '3', '2015-04-20 14:07:16'),
(31, '9788120340077', '4', '2015-04-20 14:07:23'),
(31, '122344324', '3', '2015-04-20 14:07:28'),
(31, '1458695', '3', '2015-04-20 14:08:02'),
(31, '9788172234980', '4', '2015-04-20 14:08:53'),
(31, '9788183225755', '3', '2015-04-20 14:08:58'),
(31, '9788179921623', '2', '2015-04-20 14:09:04'),
(31, '9781259002465', '2', '2015-04-20 14:09:09'),
(32, '122344324', '3', '2015-04-20 14:12:52'),
(32, '9789384030872', '3', '2015-04-20 14:12:56'),
(32, '9788179921623', '3', '2015-04-20 14:13:02'),
(32, '1458695', '2', '2015-04-20 14:14:02'),
(39, '9789384030872', '2', '2015-04-20 14:15:04'),
(39, '9788172234980', '2', '2015-04-20 14:15:07'),
(39, '9788123019789', '4', '2015-04-20 14:15:11'),
(41, '9874563216547', '4', '2015-04-20 14:17:14'),
(41, '-19789384030391', '3', '2015-04-20 14:17:17'),
(41, '1458695', '2', '2015-04-20 14:17:57'),
(41, '9788183225755', '2', '2015-04-20 14:18:07'),
(41, '9788129135681', '4', '2015-04-20 14:18:11'),
(41, '9788179921623', '3', '2015-04-20 14:18:39'),
(41, '9788172234980', '4', '2015-04-20 14:18:50'),
(34, '122344324', '3', '2015-04-20 14:19:49'),
(34, '9874563216547', '4', '2015-04-20 14:19:55'),
(34, '9789384030872', '3', '2015-04-20 14:20:51'),
(34, '9788123019789', '3', '2015-04-20 14:20:56'),
(34, '1458695', '2', '2015-04-20 14:21:42'),
(19, '9789384030872', '4', '2015-04-20 14:22:21'),
(19, '-19789384030391', '4', '2015-04-20 14:23:20'),
(19, '9874563216547', '2', '2015-04-20 14:23:24');

-- --------------------------------------------------------

--
-- Table structure for table `user`
--

CREATE TABLE IF NOT EXISTS `user` (
  `name` varchar(100) NOT NULL,
  `id` int(11) NOT NULL AUTO_INCREMENT,
  `psm` varchar(40) NOT NULL,
  `uid` varchar(40) NOT NULL,
  `pass` varchar(40) NOT NULL,
  `cok` varchar(100) DEFAULT NULL,
  PRIMARY KEY (`uid`),
  UNIQUE KEY `id` (`id`)
) ENGINE=InnoDB  DEFAULT CHARSET=latin1 AUTO_INCREMENT=47 ;

--
-- Dumping data for table `user`
--

INSERT INTO `user` (`name`, `id`, `psm`, `uid`, `pass`, `cok`) VALUES
('abhijeet', 22, '65cc2c8205a05d7379fa3a6386f710e1', 'ABHI', '1020', 'ABHIL65cc2c8205a05d7379fa3a6386f710e1'),
('abhinav', 33, '60c2ce8f2c04510630ddace8530a5c1c', 'ABHINAV', '767676', 'ABHINAVL60c2ce8f2c04510630ddace8530a5c1c'),
('akash', 35, 'e8567dbe206e0240e06f1edde026be3a', 'AKASH', '112112', 'AKASHLe8567dbe206e0240e06f1edde026be3a'),
('akhil', 28, '496cd8b01b0600a185e6156487bf96ed', 'AKHIL', '12030', 'AKHILL496cd8b01b0600a185e6156487bf96ed'),
('aneesh', 27, 'db24e259a26da39bf96b7249d9e687e3', 'ANEESH', '546321', 'ANEESHLdb24e259a26da39bf96b7249d9e687e3'),
('argha', 38, '97b2f7d1015bd8015ffbb0983360632c', 'ARGHA', '138138', 'ARGHAL97b2f7d1015bd8015ffbb0983360632c'),
('ashutosh', 46, '4d86a25f019c59f86dd314e75fcf025b', 'ASHU', '145639', 'ASHUL4d86a25f019c59f86dd314e75fcf025b'),
('ayush', 20, '29c65f781a1068a41f735e1b092546de', 'AYUSH', 'ayu', 'AYUSHL29c65f781a1068a41f735e1b092546de'),
('gaurav', 43, 'f501d1ae801a9d8b83877755fc8efa28', 'GAURAV', '045045', 'GAURAVLf501d1ae801a9d8b83877755fc8efa28'),
('hardik', 37, 'a5ed0fbd65120a93a16e0420e6213f67', 'HARDIK', '140140', 'HARDIKLa5ed0fbd65120a93a16e0420e6213f67'),
('jam', 19, '2b24d495052a8ce66358eb576b8912c8', 'JAM', '145', 'JAML2b24d495052a8ce66358eb576b8912c8'),
('jatin', 16, '202cb962ac59075b964b07152d234b70', 'JATIN', '123', 'JATINL202cb962ac59075b964b07152d234b70'),
('kishore', 31, '34ca67a05cbc9d9446178fd278d06625', 'KISHORE', '585858', 'KISHOREL34ca67a05cbc9d9446178fd278d06625'),
('kundan', 44, 'ca294205968d8eff10fbf9a7d41ab0fc', 'KUNDAN', '201201', 'KUNDANLca294205968d8eff10fbf9a7d41ab0fc'),
('manjeet', 41, '8ca66bb49b9b327069fe134e9978d6fd', 'MANJEET', '228228', 'MANJEETL8ca66bb49b9b327069fe134e9978d6fd'),
('naveen', 29, '502a3825a6dbdba0449624b8354cedc8', 'NAVEEN', '45869', 'NAVEENL502a3825a6dbdba0449624b8354cedc8'),
('nikhil', 21, '8d5e957f297893487bd98fa830fa6413', 'NIKHIL', '147', 'NIKHILL8d5e957f297893487bd98fa830fa6413'),
('pandey', 26, 'cd26c4447412b779869c88d49353b8f0', 'PANDEY', '745869', 'PANDEYLcd26c4447412b779869c88d49353b8f0'),
('paras', 24, '4c26774d852f62440fc746ea4cdd57f6', 'PARAS', '5869', 'PARASL4c26774d852f62440fc746ea4cdd57f6'),
('pavan', 25, 'a45958517604f5cd90d6ee51ad9cfdb6', 'PAVAN', '142536', 'PAVANLa45958517604f5cd90d6ee51ad9cfdb6'),
('rashid', 34, '5aba68f4fc38352a94a7057f6fd2610a', 'RASHID', '838383', 'RASHIDL5aba68f4fc38352a94a7057f6fd2610a'),
('riyaz', 32, '5379884c5ec4e06879f7400fd40be0d9', 'RIYAZ', '787878', 'RIYAZL5379884c5ec4e06879f7400fd40be0d9'),
('rohan', 36, 'e2a99cedde5a1ee17b2c74578c10143e', 'ROHAN', '919191', 'ROHANLe2a99cedde5a1ee17b2c74578c10143e'),
('rohit', 40, 'b4cb3da34249b89d8d8759717d2ed514', 'ROHIT', '096096', 'ROHITLb4cb3da34249b89d8d8759717d2ed514'),
('sayan', 42, 'a74b59c0f4fd1cc6e7ff3acb630e455c', 'SAYAN', '071', 'SAYANLa74b59c0f4fd1cc6e7ff3acb630e455c'),
('Sourabh', 18, '140f6969d5213fd0ece03148e62e461e', 'SOURABH', '159', 'SOURABHL140f6969d5213fd0ece03148e62e461e'),
('Sourav', 45, 'd8578edf8458ce06fbc5bb76a58c5ca4', 'SOURAV5', 'qwerty', 'SOURAV5Ld8578edf8458ce06fbc5bb76a58c5ca4'),
('Suyash', 23, '23712318a400454a2c049f165106d985', 'SUYASH', '5478', 'SUYASHL23712318a400454a2c049f165106d985'),
('vatsav', 30, '1c1e8e2fb07ec0ec2569aba3f6cb9efa', 'VATSAV', '123698741', 'VATSAVL1c1e8e2fb07ec0ec2569aba3f6cb9efa'),
('vimal', 39, '8d014dee20a374dc7ad97e4d9809829e', 'VIMAL', '132132', 'VIMALL8d014dee20a374dc7ad97e4d9809829e');

/*!40101 SET CHARACTER_SET_CLIENT=@OLD_CHARACTER_SET_CLIENT */;
/*!40101 SET CHARACTER_SET_RESULTS=@OLD_CHARACTER_SET_RESULTS */;
/*!40101 SET COLLATION_CONNECTION=@OLD_COLLATION_CONNECTION */;
